Column1,Column2,Column3
"Automation and Controls: A guide to Automation, Controls, PLC’s and PLC Programming",Nick Dawkins,3
"Automation, Production Systems, and Computer-Integrated Manufacturing (4th Edition)",Mikell P. Groover,17
Rise of the Robots: Technology and the Threat of a Jobless Future,Martin Ford,9
Network Programmability and Automation: Skills for the Next-Generation Network Engineer,Jason Edelman,28
,,99
"Automation, Production Systems, And Computer-Integrated Manufacturing, 4 Ed",,
Industrial Automation: Hands On (Mechanical Engineering),Frank Lamb,82
"Assured Automation WM-PC Series Plastic Water Meter 3/4""",,79
Volcom Men's Automation Backpack,,79
,,19
Automation Made Easy: Everything You Wanted to Know about Automation--and Need to Ask,,87
,,19
I'm Dad And an Automation Engineer T-Shirt,,17
,,18
Automation and Robotics: by Knowledge flow,Knowledge flow,1
Directed Electronics 535T Power Window Automation System with One Touch Operation,,51
,,69
"Seagull Scientific BT16-A3 Bartender 2016 Automation, 3-Printer Edition",,523
SensorBug Low Profile - Bluetooth 4.0 Wireless,,24
,,425
Pearl Magnetic Car Phone Mount - Vent or Dashboard Cell Phone Holder for Car or Truck,,39
fischertechnik ROBO TX Automation Robots,,
Broadlink A1 Smart Home Wireless Air Quality Detector Sensor E-air Home Automation System,,45
,,29
12V Hot Selling LED Automation Delay Timer Control Switch Relay Module with Case,,12
Automation and the Future of Jobs,,2
The Robots are Coming: A Human's Survival Guide to Profiting in the Age of Automation,John Pugliano,11
Droid Automation,,
,,29
zHome Home Automation,,
Apus,,16
"HAI HLC Color Change Kit, Ivory",,
The Industries of the Future,Alec Ross,10
"Assured Automation WM-PC Series Plastic Water Meter 1""",,127
Home Automation,,
Social Media Marketing Automation - Manage Control,,0
,,63
Control 4 - Hc-300c Home Controller C4-hc300c-e-b,,
Kurt Busch 2014 Haas Automation 500th Cup Start 1:64,,8
Automation Testing with UFT: A Beginner's Guide,,15
"RIDGID (EMERSON) PART NUMBER 61447 NUT, HEX 5/8 ASM",,7
SainSmart USB 4 Channel Relay Automation,,21
,,31
,,22
,,62
,,23
"The Second Machine Age: Work, Progress, and Prosperity in a Time of Brilliant Technologies",Erik Brynjolfsson,10
Automation Engineer Coffee Mug 11 oz. Automation Engineer gift,,12
Automation Airmanship: Nine Principles for Operating Glass Cockpit Aircraft (Aviation),,48
,,11
,,99
,,10
"Wemo Mini Smart Plug, Wi-Fi Enabled, Works with Amazon Alexa",,34
Home Automation Bluetooth,,
MicroBot Push - Wireless Robotic Button Pusher for Smart Home Automation (Platinum White),,45
Volcom Men's Automation Backpack,,44
Break Free from Automation,,0
Aweber - Enabling Automation Rules,,
Automaton,,12
"Allen-Bradley 100-FA22 Auxiliary Contact for All 100-C Contactors, Front Mount, 2 NO 2 NC",,29
,,52
,,24
"PreSonus FaderPort DAW Controller USB Automation, Motorized Fader + Headphones",,
Learning Chef: A Guide to Configuration Management and Automation,Mischa Taylor,31
KKmoon 12V LED Automation Delay Timer Control Switch Relay Module with Case,,8
"RIDGID (EMERSON) PART NUMBER 44837 NUT, HEX 7/8-14 STD",,7
Marketing Automation For Dummies,Mathew Sweezey,14
,,11
,,14
zCastle,,
,,12
,,3
,,42
"Wemo Light Switch, Wi-Fi enabled, Works with Amazon Alexa",,49
The Big Bang Theory: Season 10,,2
,,15
"Stringify - Smart Automation Home, Work, Life, IoT",,
Leviton EMS3 Automation System with CFL/LED Lighting and ZigBee Energy Management Controls,,949
,,27
Art in the Age of Automation,,39
,,8
,,8
,,19
,,56
AWS Certified SysOps Administrator (ACSA-ACSA),,4
"Artificial Intelligence, Automation, and the Economy: A Government Report",,9
Automation Guild,,19
"bareMinerals Prep Step Mineral Shield Daily Lotion, 1.35 Fluid Ounce",,
"HP 63 Black & Tri-color Original Ink Cartridges, 2 pack (L0R46AN)",,
Management Information Systems and Workflow Automation,,105
,,6
,,3
Fibaro FGHC2 Home Center 2 Automation Controller,,"1,867"
"RIDGID (EMERSON) PART NUMBER 34492 NUT, HEX",,6
,,269
"Firgelli Automations 40"" Guide Rail 400lbs Capacity",,58
"Logitech Harmony Hub for Control of 8 Home Entertainment Devices, works with Alexa",,88
,,99
Automation,,0
Automation Baby,,13
